,play_id,game_id,play_num,team_id_for,team_id_against,event,secondaryType,x,y,period,periodType,periodTime,periodTimeRemaining,dateTime,goals_away,goals_home,description,st_x,st_y,rink_side
3630273,2018030417_4,2018030417,4,6.0,19.0,Faceoff,,0.0,0.0,1,REGULAR,0,1200,2019-06-13 00:20:20,0,0,Sean Kuraly faceoff won against Oskar Sundqvist,0.0,0.0,left
3630274,2018030417_5,2018030417,5,19.0,6.0,Hit,,-65.0,-35.0,1,REGULAR,6,1194,2019-06-13 00:21:55,0,0,Ivan Barbashev hit Charlie McAvoy,65.0,35.0,right
3630275,2018030417_6,2018030417,6,,,Stoppage,,,,1,REGULAR,10,1190,2019-06-13 00:21:45,0,0,Icing,,,
3630276,2018030417_7,2018030417,7,6.0,19.0,Faceoff,,-69.0,-22.0,1,REGULAR,10,1190,2019-06-13 00:21:48,0,0,Sean Kuraly faceoff won against Jaden Schwartz,-69.0,-22.0,left
3630277,2018030417_8,2018030417,8,19.0,6.0,Shot,Wrist Shot,-69.0,20.0,1,REGULAR,27,1173,2019-06-13 00:22:23,0,0,Jaden Schwartz Wrist Shot saved by Tuukka Rask,69.0,-20.0,right
3630278,2018030417_9,2018030417,9,,,Stoppage,,,,1,REGULAR,44,1156,2019-06-13 00:22:55,0,0,Puck in Crowd,,,
3630279,2018030417_10,2018030417,10,19.0,6.0,Faceoff,,-20.0,-22.0,1,REGULAR,44,1156,2019-06-13 00:22:55,0,0,Ryan O'Reilly faceoff won against Patrice Bergeron,20.0,22.0,right
3630280,2018030417_11,2018030417,11,6.0,19.0,Giveaway,,-17.0,18.0,1,REGULAR,55,1145,2019-06-13 00:23:13,0,0,Giveaway by David Pastrnak,-17.0,18.0,left
3630281,2018030417_12,2018030417,12,6.0,19.0,Hit,,-47.0,37.0,1,REGULAR,58,1142,2019-06-13 00:23:21,0,0,Torey Krug hit David Perron,-47.0,37.0,left
3630282,2018030417_13,2018030417,13,6.0,19.0,Hit,,-93.0,23.0,1,REGULAR,79,1121,2019-06-13 00:23:42,0,0,Torey Krug hit Zach Sanford,-93.0,23.0,left
3630283,2018030417_14,2018030417,14,19.0,6.0,Hit,,-79.0,-32.0,1,REGULAR,156,1044,2019-06-13 00:24:59,0,0,Brayden Schenn hit Zdeno Chara,79.0,32.0,right
3630284,2018030417_15,2018030417,15,19.0,6.0,Takeaway,,40.0,18.0,1,REGULAR,171,1029,2019-06-13 00:25:09,0,0,Takeaway by Colton Parayko,-40.0,-18.0,right
3630285,2018030417_16,2018030417,16,6.0,19.0,Giveaway,,-91.0,18.0,1,REGULAR,183,1017,2019-06-13 00:25:21,0,0,Giveaway by Matt Grzelcyk,-91.0,18.0,left
3630286,2018030417_17,2018030417,17,19.0,6.0,Missed Shot,,-72.0,5.0,1,REGULAR,188,1012,2019-06-13 00:25:46,0,0,Vince Dunn - Wide of Net,72.0,-5.0,right
3630287,2018030417_18,2018030417,18,6.0,19.0,Blocked Shot,,-62.0,-20.0,1,REGULAR,195,1005,2019-06-13 00:25:38,0,0,Noel Acciari,-62.0,-20.0,left
3630288,2018030417_19,2018030417,19,6.0,19.0,Shot,Wrist Shot,54.0,30.0,1,REGULAR,220,980,2019-06-13 00:25:57,0,0,John Moore Wrist Shot saved by Jordan Binnington,54.0,30.0,left
3630289,2018030417_20,2018030417,20,,,Stoppage,,,,1,REGULAR,224,976,2019-06-13 00:26:10,0,0,Icing,,,
3630290,2018030417_21,2018030417,21,6.0,19.0,Faceoff,,69.0,-22.0,1,REGULAR,224,976,2019-06-13 00:26:21,0,0,Patrice Bergeron faceoff won against Oskar Sundqvist,69.0,-22.0,left
3630291,2018030417_22,2018030417,22,6.0,19.0,Shot,Wrist Shot,40.0,-28.0,1,REGULAR,229,971,2019-06-13 00:26:41,0,0,Torey Krug Wrist Shot saved by Jordan Binnington,40.0,-28.0,left
3630292,2018030417_23,2018030417,23,,,Stoppage,,,,1,REGULAR,229,971,2019-06-13 00:26:55,0,0,Goalie Stopped,,,
3630293,2018030417_24,2018030417,24,6.0,19.0,Faceoff,,69.0,-22.0,1,REGULAR,229,971,2019-06-13 00:26:55,0,0,Patrice Bergeron faceoff won against Ryan O'Reilly,69.0,-22.0,left
3630294,2018030417_25,2018030417,25,6.0,19.0,Hit,,-57.0,-38.0,1,REGULAR,242,958,2019-06-13 00:27:18,0,0,Torey Krug hit Zach Sanford,-57.0,-38.0,left
3630295,2018030417_26,2018030417,26,19.0,6.0,Hit,,93.0,29.0,1,REGULAR,254,946,2019-06-13 00:27:30,0,0,Colton Parayko hit Patrice Bergeron,-93.0,-29.0,right
3630296,2018030417_27,2018030417,27,19.0,6.0,Blocked Shot,,71.0,-16.0,1,REGULAR,259,941,2019-06-13 00:27:35,0,0,Jay Bouwmeester,-71.0,16.0,right
3630297,2018030417_28,2018030417,28,19.0,6.0,Hit,,-52.0,-34.0,1,REGULAR,330,870,2019-06-13 00:28:46,0,0,Brayden Schenn hit Charlie Coyle,52.0,34.0,right
3630298,2018030417_29,2018030417,29,6.0,19.0,Takeaway,,44.0,-12.0,1,REGULAR,340,860,2019-06-13 00:28:51,0,0,Takeaway by Marcus Johansson,44.0,-12.0,left
3630299,2018030417_30,2018030417,30,19.0,6.0,Blocked Shot,,78.0,6.0,1,REGULAR,350,850,2019-06-13 00:29:00,0,0,Colton Parayko,-78.0,-6.0,right
3630300,2018030417_31,2018030417,31,19.0,6.0,Blocked Shot,,64.0,8.0,1,REGULAR,391,809,2019-06-13 00:29:47,0,0,Joel Edmundson,-64.0,-8.0,right
3630301,2018030417_32,2018030417,32,6.0,19.0,Shot,Backhand,71.0,-23.0,1,REGULAR,392,808,2019-06-13 00:29:43,0,0,Sean Kuraly Backhand saved by Jordan Binnington,71.0,-23.0,left
3630302,2018030417_33,2018030417,33,19.0,6.0,Hit,,-87.0,-33.0,1,REGULAR,421,779,2019-06-13 00:30:17,0,0,Zach Sanford hit Brandon Carlo,87.0,33.0,right
3630303,2018030417_34,2018030417,34,6.0,19.0,Hit,,-6.0,-38.0,1,REGULAR,428,772,2019-06-13 00:30:24,0,0,Patrice Bergeron hit Zach Sanford,-6.0,-38.0,left
3630304,2018030417_35,2018030417,35,6.0,19.0,Giveaway,,66.0,35.0,1,REGULAR,451,749,2019-06-13 00:30:42,0,0,Giveaway by David Pastrnak,66.0,35.0,left
3630305,2018030417_36,2018030417,36,,,Stoppage,,,,1,REGULAR,456,744,2019-06-13 00:30:54,0,0,Icing,,,
3630306,2018030417_37,2018030417,37,6.0,19.0,Faceoff,,69.0,22.0,1,REGULAR,456,744,2019-06-13 00:31:05,0,0,David Krejci faceoff won against Ryan O'Reilly,69.0,22.0,left
3630307,2018030417_38,2018030417,38,6.0,19.0,Missed Shot,,79.0,8.0,1,REGULAR,463,737,2019-06-13 00:31:30,0,0,Jake DeBrusk - Wide of Net,79.0,8.0,left
3630308,2018030417_39,2018030417,39,19.0,6.0,Blocked Shot,,48.0,22.0,1,REGULAR,472,728,2019-06-13 00:31:45,0,0,Pat Maroon,-48.0,-22.0,right
3630309,2018030417_40,2018030417,40,,,Stoppage,,,,1,REGULAR,472,728,2019-06-13 00:31:49,0,0,Puck in Benches,,,
3630310,2018030417_41,2018030417,41,19.0,6.0,Faceoff,,69.0,22.0,1,REGULAR,472,728,2019-06-13 00:33:19,0,0,Oskar Sundqvist faceoff won against Jake DeBrusk,-69.0,-22.0,right
3630311,2018030417_42,2018030417,42,19.0,6.0,Penalty,Delaying Game - Puck over glass,61.0,37.0,1,REGULAR,477,723,2019-06-13 00:34:23,0,0,Colton Parayko Delaying Game - Puck over glass,-61.0,-37.0,right
3630312,2018030417_43,2018030417,43,6.0,19.0,Faceoff,,69.0,22.0,1,REGULAR,477,723,2019-06-13 00:34:34,0,0,Patrice Bergeron faceoff won against Ryan O'Reilly,69.0,22.0,left
3630313,2018030417_44,2018030417,44,19.0,6.0,Blocked Shot,,83.0,-17.0,1,REGULAR,485,715,2019-06-13 00:34:56,0,0,Jay Bouwmeester,-83.0,17.0,right
3630314,2018030417_45,2018030417,45,6.0,19.0,Shot,Wrist Shot,55.0,6.0,1,REGULAR,532,668,2019-06-13 00:35:43,0,0,Brad Marchand Wrist Shot saved by Jordan Binnington,55.0,6.0,left
3630315,2018030417_46,2018030417,46,,,Stoppage,,,,1,REGULAR,532,668,2019-06-13 00:35:54,0,0,Goalie Stopped,,,
3630316,2018030417_47,2018030417,47,19.0,6.0,Faceoff,,69.0,22.0,1,REGULAR,532,668,2019-06-13 00:35:58,0,0,Tyler Bozak faceoff won against Patrice Bergeron,-69.0,-22.0,right
3630317,2018030417_48,2018030417,48,19.0,6.0,Hit,,96.0,-11.0,1,REGULAR,542,658,2019-06-13 00:36:25,0,0,Joel Edmundson hit Marcus Johansson,-96.0,11.0,right
3630318,2018030417_49,2018030417,49,19.0,6.0,Blocked Shot,,68.0,5.0,1,REGULAR,553,647,2019-06-13 00:36:37,0,0,Carl Gunnarsson,-68.0,-5.0,right
3630319,2018030417_50,2018030417,50,6.0,19.0,Shot,Wrist Shot,67.0,3.0,1,REGULAR,557,643,2019-06-13 00:36:35,0,0,Patrice Bergeron Wrist Shot saved by Jordan Binnington,67.0,3.0,left
3630320,2018030417_51,2018030417,51,6.0,19.0,Hit,,89.0,33.0,1,REGULAR,579,621,2019-06-13 00:36:57,0,0,Patrice Bergeron hit Joel Edmundson,89.0,33.0,left
3630321,2018030417_52,2018030417,52,6.0,19.0,Shot,Backhand,78.0,1.0,1,REGULAR,589,611,2019-06-13 00:37:08,0,0,David Krejci Backhand saved by Jordan Binnington,78.0,1.0,left
3630322,2018030417_53,2018030417,53,,,Stoppage,,,,1,REGULAR,589,611,2019-06-13 00:37:18,0,0,Goalie Stopped,,,
3630323,2018030417_54,2018030417,54,19.0,6.0,Faceoff,,69.0,-22.0,1,REGULAR,589,611,2019-06-13 00:37:41,0,0,Brayden Schenn faceoff won against David Krejci,-69.0,22.0,right
3630324,2018030417_55,2018030417,55,6.0,19.0,Takeaway,,59.0,-15.0,1,REGULAR,596,604,2019-06-13 00:37:47,0,0,Takeaway by David Krejci,59.0,-15.0,left
3630325,2018030417_56,2018030417,56,19.0,6.0,Hit,,-90.0,12.0,1,REGULAR,612,588,2019-06-13 00:38:08,0,0,Brayden Schenn hit Charlie McAvoy,90.0,-12.0,right
3630326,2018030417_57,2018030417,57,,,Stoppage,,,,1,REGULAR,631,569,2019-06-13 00:38:51,0,0,Puck in Benches,,,
3630327,2018030417_58,2018030417,58,6.0,19.0,Faceoff,,-69.0,22.0,1,REGULAR,631,569,2019-06-13 00:40:07,0,0,Sean Kuraly faceoff won against Ryan O'Reilly,-69.0,22.0,left
3630328,2018030417_59,2018030417,59,19.0,6.0,Hit,,2.0,-38.0,1,REGULAR,661,539,2019-06-13 00:41:22,0,0,David Perron hit Zdeno Chara,-2.0,38.0,right
3630329,2018030417_60,2018030417,60,19.0,6.0,Hit,,94.0,-35.0,1,REGULAR,674,526,2019-06-13 00:41:35,0,0,Joel Edmundson hit Noel Acciari,-94.0,35.0,right
3630330,2018030417_61,2018030417,61,6.0,19.0,Shot,Backhand,79.0,-5.0,1,REGULAR,696,504,2019-06-13 00:41:51,0,0,Marcus Johansson Backhand saved by Jordan Binnington,79.0,-5.0,left
3630331,2018030417_62,2018030417,62,19.0,6.0,Hit,,31.0,36.0,1,REGULAR,720,480,2019-06-13 00:42:21,0,0,Vladimir Tarasenko hit Torey Krug,-31.0,-36.0,right
3630332,2018030417_63,2018030417,63,6.0,19.0,Takeaway,,-59.0,41.0,1,REGULAR,725,475,2019-06-13 00:42:20,0,0,Takeaway by Charlie Coyle,-59.0,41.0,left
3630333,2018030417_64,2018030417,64,,,Stoppage,,,,1,REGULAR,750,450,2019-06-13 00:42:51,0,0,Icing,,,
3630334,2018030417_65,2018030417,65,19.0,6.0,Faceoff,,69.0,22.0,1,REGULAR,750,450,2019-06-13 00:42:58,0,0,Oskar Sundqvist faceoff won against Brad Marchand,-69.0,-22.0,right
3630335,2018030417_66,2018030417,66,19.0,6.0,Hit,,24.0,8.0,1,REGULAR,779,421,2019-06-13 00:43:55,0,0,Ivan Barbashev hit Brad Marchand,-24.0,-8.0,right
3630336,2018030417_67,2018030417,67,19.0,6.0,Hit,,58.0,38.0,1,REGULAR,796,404,2019-06-13 00:44:10,0,0,Alex Pietrangelo hit Karson Kuhlman,-58.0,-38.0,right
3630337,2018030417_68,2018030417,68,6.0,19.0,Hit,,-5.0,-36.0,1,REGULAR,814,386,2019-06-13 00:44:28,0,0,Noel Acciari hit Sammy Blais,-5.0,-36.0,left
3630338,2018030417_69,2018030417,69,6.0,19.0,Blocked Shot,,-59.0,-20.0,1,REGULAR,848,352,2019-06-13 00:45:02,0,0,Brandon Carlo,-59.0,-20.0,left
3630339,2018030417_70,2018030417,70,6.0,19.0,Hit,,65.0,-35.0,1,REGULAR,861,339,2019-06-13 00:45:15,0,0,Joakim Nordstrom hit Carl Gunnarsson,65.0,-35.0,left
3630340,2018030417_71,2018030417,71,19.0,6.0,Hit,,31.0,-36.0,1,REGULAR,876,324,2019-06-13 00:45:29,0,0,Jaden Schwartz hit Danton Heinen,-31.0,36.0,right
3630341,2018030417_72,2018030417,72,6.0,19.0,Hit,,99.0,-17.0,1,REGULAR,881,319,2019-06-13 00:45:35,0,0,Charlie Coyle hit Brayden Schenn,99.0,-17.0,left
3630342,2018030417_73,2018030417,73,,,Stoppage,,,,1,REGULAR,883,317,2019-06-13 00:45:51,0,0,Icing,,,
3630343,2018030417_74,2018030417,74,6.0,19.0,Faceoff,,69.0,-22.0,1,REGULAR,883,317,2019-06-13 00:46:12,0,0,Patrice Bergeron faceoff won against Brayden Schenn,69.0,-22.0,left
3630344,2018030417_75,2018030417,75,6.0,19.0,Hit,,-19.0,-39.0,1,REGULAR,921,279,2019-06-13 00:46:56,0,0,Karson Kuhlman hit Jay Bouwmeester,-19.0,-39.0,left
3630345,2018030417_76,2018030417,76,19.0,6.0,Takeaway,,45.0,36.0,1,REGULAR,934,266,2019-06-13 00:47:04,0,0,Takeaway by Colton Parayko,-45.0,-36.0,right
3630346,2018030417_77,2018030417,77,19.0,6.0,Blocked Shot,,66.0,12.0,1,REGULAR,949,251,2019-06-13 00:47:24,0,0,Colton Parayko,-66.0,-12.0,right
3630347,2018030417_78,2018030417,78,6.0,19.0,Hit,,-57.0,-39.0,1,REGULAR,983,217,2019-06-13 00:47:58,0,0,Noel Acciari hit Pat Maroon,-57.0,-39.0,left
3630348,2018030417_79,2018030417,79,19.0,6.0,Hit,,-76.0,-33.0,1,REGULAR,997,203,2019-06-13 00:48:12,0,0,Sammy Blais hit Noel Acciari,76.0,33.0,right
3630349,2018030417_80,2018030417,80,19.0,6.0,Shot,Wrist Shot,-89.0,-21.0,1,REGULAR,1000,200,2019-06-13 00:48:10,0,0,Sammy Blais Wrist Shot saved by Tuukka Rask,89.0,21.0,right
3630350,2018030417_81,2018030417,81,19.0,6.0,Goal,Tip-In,-71.0,-3.0,1,REGULAR,1007,193,2019-06-13 00:48:17,1,0,"Ryan O'Reilly (8) Tip-In, assists: Jay Bouwmeester (7), Alex Pietrangelo (16)",71.0,3.0,right
3630351,2018030417_82,2018030417,82,6.0,19.0,Faceoff,,0.0,0.0,1,REGULAR,1007,193,2019-06-13 00:49:00,1,0,Patrice Bergeron faceoff won against Brayden Schenn,0.0,0.0,left
3630352,2018030417_83,2018030417,83,19.0,6.0,Missed Shot,,-82.0,11.0,1,REGULAR,1034,166,2019-06-13 00:49:29,1,0,Jaden Schwartz - Wide of Net,82.0,-11.0,right
3630353,2018030417_84,2018030417,84,6.0,19.0,Takeaway,,53.0,34.0,1,REGULAR,1076,124,2019-06-13 00:50:10,1,0,Takeaway by Danton Heinen,53.0,34.0,left
3630354,2018030417_85,2018030417,85,6.0,19.0,Shot,Backhand,82.0,18.0,1,REGULAR,1077,123,2019-06-13 00:50:34,1,0,Charlie Coyle Backhand saved by Jordan Binnington,82.0,18.0,left
3630355,2018030417_86,2018030417,86,,,Stoppage,,,,1,REGULAR,1080,120,2019-06-13 00:50:47,1,0,Puck Frozen,,,
3630356,2018030417_87,2018030417,87,6.0,19.0,Faceoff,,69.0,22.0,1,REGULAR,1080,120,2019-06-13 00:52:19,1,0,David Krejci faceoff won against Tyler Bozak,69.0,22.0,left
3630357,2018030417_88,2018030417,88,6.0,19.0,Shot,Wrist Shot,45.0,18.0,1,REGULAR,1082,118,2019-06-13 00:52:46,1,0,Torey Krug Wrist Shot saved by Jordan Binnington,45.0,18.0,left
3630358,2018030417_89,2018030417,89,,,Stoppage,,,,1,REGULAR,1082,118,2019-06-13 00:52:54,1,0,Goalie Stopped,,,
3630359,2018030417_90,2018030417,90,19.0,6.0,Faceoff,,69.0,22.0,1,REGULAR,1082,118,2019-06-13 00:52:59,1,0,Tyler Bozak faceoff won against David Krejci,-69.0,-22.0,right
3630360,2018030417_91,2018030417,91,6.0,19.0,Shot,Backhand,87.0,-15.0,1,REGULAR,1112,88,2019-06-13 00:53:36,1,0,David Krejci Backhand saved by Jordan Binnington,87.0,-15.0,left
3630361,2018030417_92,2018030417,92,6.0,19.0,Shot,Backhand,76.0,-7.0,1,REGULAR,1123,77,2019-06-13 00:53:47,1,0,Jake DeBrusk Backhand saved by Jordan Binnington,76.0,-7.0,left
3630362,2018030417_93,2018030417,93,,,Stoppage,,,,1,REGULAR,1128,72,2019-06-13 00:53:59,1,0,Icing,,,
3630363,2018030417_94,2018030417,94,19.0,6.0,Faceoff,,69.0,22.0,1,REGULAR,1128,72,2019-06-13 00:54:05,1,0,Tyler Bozak faceoff won against Brad Marchand,-69.0,-22.0,right
3630364,2018030417_95,2018030417,95,6.0,19.0,Takeaway,,91.0,6.0,1,REGULAR,1135,65,2019-06-13 00:54:33,1,0,Takeaway by David Pastrnak,91.0,6.0,left
3630365,2018030417_96,2018030417,96,19.0,6.0,Blocked Shot,,67.0,11.0,1,REGULAR,1160,40,2019-06-13 00:55:05,1,0,Alex Pietrangelo,-67.0,-11.0,right
3630366,2018030417_97,2018030417,97,6.0,19.0,Shot,Tip-In,83.0,-9.0,1,REGULAR,1168,32,2019-06-13 00:55:07,1,0,Patrice Bergeron Tip-In saved by Jordan Binnington,83.0,-9.0,left
3630367,2018030417_98,2018030417,98,19.0,6.0,Blocked Shot,,51.0,-12.0,1,REGULAR,1173,27,2019-06-13 00:55:17,1,0,Colton Parayko,-51.0,12.0,right
3630368,2018030417_99,2018030417,99,6.0,19.0,Giveaway,,52.0,7.0,1,REGULAR,1185,15,2019-06-13 00:55:24,1,0,Giveaway by David Pastrnak,52.0,7.0,left
3630369,2018030417_100,2018030417,100,19.0,6.0,Goal,Backhand,-74.0,1.0,1,REGULAR,1192,8,2019-06-13 00:55:31,2,0,"Alex Pietrangelo (3) Backhand, assists: Jaden Schwartz (7)",74.0,-1.0,right
3630370,2018030417_101,2018030417,101,6.0,19.0,Faceoff,,0.0,0.0,1,REGULAR,1192,8,2019-06-13 00:56:18,2,0,Charlie Coyle faceoff won against Oskar Sundqvist,0.0,0.0,left
3630371,2018030417_102,2018030417,102,6.0,19.0,Giveaway,,-33.0,20.0,1,REGULAR,1196,4,2019-06-13 00:56:26,2,0,Giveaway by Torey Krug,-33.0,20.0,left
3630372,2018030417_103,2018030417,103,6.0,19.0,Hit,,-26.0,-8.0,1,REGULAR,1199,1,2019-06-13 00:56:30,2,0,Torey Krug hit Oskar Sundqvist,-26.0,-8.0,left
3630377,2018030417_108,2018030417,108,19.0,6.0,Faceoff,,0.0,0.0,2,REGULAR,0,1200,2019-06-13 01:14:35,2,0,Ivan Barbashev faceoff won against Charlie Coyle,0.0,0.0,left
3630378,2018030417_109,2018030417,109,19.0,6.0,Hit,,-41.0,36.0,2,REGULAR,9,1191,2019-06-13 01:15:00,2,0,Jay Bouwmeester hit Danton Heinen,-41.0,36.0,left
3630379,2018030417_110,2018030417,110,6.0,19.0,Takeaway,,87.0,-21.0,2,REGULAR,31,1169,2019-06-13 01:15:17,2,0,Takeaway by Charlie McAvoy,-87.0,21.0,right
3630380,2018030417_111,2018030417,111,19.0,6.0,Takeaway,,-28.0,3.0,2,REGULAR,40,1160,2019-06-13 01:15:25,2,0,Takeaway by Vladimir Tarasenko,-28.0,3.0,left
3630381,2018030417_112,2018030417,112,6.0,19.0,Blocked Shot,,56.0,-5.0,2,REGULAR,41,1159,2019-06-13 01:15:31,2,0,Zdeno Chara,-56.0,5.0,right
3630382,2018030417_113,2018030417,113,,,Stoppage,,,,2,REGULAR,41,1159,2019-06-13 01:15:40,2,0,Puck in Crowd,,,
3630383,2018030417_114,2018030417,114,19.0,6.0,Faceoff,,69.0,-22.0,2,REGULAR,41,1159,2019-06-13 01:15:40,2,0,Brayden Schenn faceoff won against Patrice Bergeron,69.0,-22.0,left
3630384,2018030417_115,2018030417,115,6.0,19.0,Giveaway,,-19.0,-31.0,2,REGULAR,48,1152,2019-06-13 01:15:58,2,0,Giveaway by Brad Marchand,19.0,31.0,right
3630385,2018030417_116,2018030417,116,19.0,6.0,Blocked Shot,,-84.0,-14.0,2,REGULAR,84,1116,2019-06-13 01:16:43,2,0,Alex Pietrangelo,-84.0,-14.0,left
3630386,2018030417_117,2018030417,117,6.0,19.0,Shot,Wrist Shot,-74.0,-30.0,2,REGULAR,87,1113,2019-06-13 01:16:38,2,0,John Moore Wrist Shot saved by Jordan Binnington,74.0,30.0,right
3630387,2018030417_118,2018030417,118,19.0,6.0,Blocked Shot,,-72.0,-12.0,2,REGULAR,98,1102,2019-06-13 01:16:54,2,0,David Perron,-72.0,-12.0,left
3630388,2018030417_119,2018030417,119,6.0,19.0,Hit,,71.0,-36.0,2,REGULAR,109,1091,2019-06-13 01:17:04,2,0,John Moore hit Zach Sanford,-71.0,36.0,right
3630389,2018030417_120,2018030417,120,6.0,19.0,Shot,Backhand,-73.0,32.0,2,REGULAR,142,1058,2019-06-13 01:17:32,2,0,Sean Kuraly Backhand saved by Jordan Binnington,73.0,-32.0,right
3630390,2018030417_121,2018030417,121,,,Stoppage,,,,2,REGULAR,142,1058,2019-06-13 01:17:44,2,0,Goalie Stopped,,,
3630391,2018030417_122,2018030417,122,19.0,6.0,Faceoff,,-69.0,22.0,2,REGULAR,142,1058,2019-06-13 01:17:54,2,0,Ivan Barbashev faceoff won against Charlie Coyle,-69.0,22.0,left
3630392,2018030417_123,2018030417,123,19.0,6.0,Giveaway,,59.0,-2.0,2,REGULAR,159,1041,2019-06-13 01:18:23,2,0,Giveaway by Ivan Barbashev,59.0,-2.0,left
3630393,2018030417_124,2018030417,124,6.0,19.0,Shot,Backhand,-86.0,-16.0,2,REGULAR,238,962,2019-06-13 01:19:42,2,0,David Pastrnak Backhand saved by Jordan Binnington,86.0,16.0,right
3630394,2018030417_125,2018030417,125,,,Stoppage,,,,2,REGULAR,238,962,2019-06-13 01:19:51,2,0,Goalie Stopped,,,
3630395,2018030417_126,2018030417,126,6.0,19.0,Faceoff,,-69.0,-22.0,2,REGULAR,238,962,2019-06-13 01:19:57,2,0,David Krejci faceoff won against Ryan O'Reilly,69.0,22.0,right
3630396,2018030417_127,2018030417,127,19.0,6.0,Giveaway,,-11.0,33.0,2,REGULAR,249,951,2019-06-13 01:20:27,2,0,Giveaway by Zach Sanford,-11.0,33.0,left
3630397,2018030417_128,2018030417,128,19.0,6.0,Hit,,-70.0,-33.0,2,REGULAR,285,915,2019-06-13 01:21:08,2,0,Colton Parayko hit Karson Kuhlman,-70.0,-33.0,left
3630398,2018030417_129,2018030417,129,19.0,6.0,Shot,Wrist Shot,55.0,20.0,2,REGULAR,308,892,2019-06-13 01:21:26,2,0,Sammy Blais Wrist Shot saved by Tuukka Rask,55.0,20.0,left
3630399,2018030417_130,2018030417,130,,,Stoppage,,,,2,REGULAR,308,892,2019-06-13 01:21:34,2,0,Goalie Stopped,,,
3630400,2018030417_131,2018030417,131,6.0,19.0,Faceoff,,69.0,22.0,2,REGULAR,308,892,2019-06-13 01:22:01,2,0,Sean Kuraly faceoff won against Brayden Schenn,-69.0,-22.0,right
3630401,2018030417_132,2018030417,132,,,Stoppage,,,,2,REGULAR,319,881,2019-06-13 01:22:26,2,0,Offside,,,
3630402,2018030417_133,2018030417,133,19.0,6.0,Faceoff,,-20.0,-22.0,2,REGULAR,319,881,2019-06-13 01:22:33,2,0,Oskar Sundqvist faceoff won against Charlie Coyle,-20.0,-22.0,left
3630403,2018030417_134,2018030417,134,,,Stoppage,,,,2,REGULAR,327,873,2019-06-13 01:23:19,2,0,Icing,,,
3630404,2018030417_135,2018030417,135,19.0,6.0,Faceoff,,0.0,0.0,2,REGULAR,327,873,2019-06-13 01:23:19,2,0,Ivan Barbashev faceoff won against Charlie Coyle,0.0,0.0,left
3630405,2018030417_136,2018030417,136,19.0,6.0,Hit,,-81.0,-32.0,2,REGULAR,349,851,2019-06-13 01:23:57,2,0,Jay Bouwmeester hit Marcus Johansson,-81.0,-32.0,left
3630406,2018030417_137,2018030417,137,19.0,6.0,Takeaway,,-89.0,-10.0,2,REGULAR,359,841,2019-06-13 01:24:02,2,0,Takeaway by Colton Parayko,-89.0,-10.0,left
3630407,2018030417_138,2018030417,138,6.0,19.0,Hit,,-17.0,38.0,2,REGULAR,367,833,2019-06-13 01:24:10,2,0,Brandon Carlo hit Oskar Sundqvist,17.0,-38.0,right
3630408,2018030417_139,2018030417,139,6.0,19.0,Giveaway,,70.0,3.0,2,REGULAR,368,832,2019-06-13 01:24:19,2,0,Giveaway by Torey Krug,-70.0,-3.0,right
3630409,2018030417_140,2018030417,140,19.0,6.0,Shot,Wrist Shot,34.0,-19.0,2,REGULAR,370,830,2019-06-13 01:24:14,2,0,Alex Pietrangelo Wrist Shot saved by Tuukka Rask,34.0,-19.0,left
3630410,2018030417_141,2018030417,141,,,Stoppage,,,,2,REGULAR,370,830,2019-06-13 01:24:25,2,0,Goalie Stopped,,,
3630411,2018030417_142,2018030417,142,19.0,6.0,Faceoff,,69.0,-22.0,2,REGULAR,370,830,2019-06-13 01:26:06,2,0,Jaden Schwartz faceoff won against Patrice Bergeron,69.0,-22.0,left
3630412,2018030417_143,2018030417,143,6.0,19.0,Blocked Shot,,39.0,31.0,2,REGULAR,381,819,2019-06-13 01:27:07,2,0,David Pastrnak,-39.0,-31.0,right
3630413,2018030417_144,2018030417,144,,,Stoppage,,,,2,REGULAR,381,819,2019-06-13 01:27:22,2,0,Puck in Netting,,,
3630414,2018030417_145,2018030417,145,19.0,6.0,Faceoff,,69.0,22.0,2,REGULAR,381,819,2019-06-13 01:27:22,2,0,Brayden Schenn faceoff won against Patrice Bergeron,69.0,22.0,left
3630415,2018030417_146,2018030417,146,19.0,6.0,Hit,,95.0,9.0,2,REGULAR,394,806,2019-06-13 01:27:41,2,0,Vladimir Tarasenko hit Charlie McAvoy,95.0,9.0,left
3630416,2018030417_147,2018030417,147,6.0,19.0,Hit,,2.0,-40.0,2,REGULAR,410,790,2019-06-13 01:27:52,2,0,Zdeno Chara hit Jaden Schwartz,-2.0,40.0,right
3630417,2018030417_148,2018030417,148,19.0,6.0,Hit,,-43.0,7.0,2,REGULAR,423,777,2019-06-13 01:28:14,2,0,Jay Bouwmeester hit Patrice Bergeron,-43.0,7.0,left
3630418,2018030417_149,2018030417,149,6.0,19.0,Hit,,96.0,-12.0,2,REGULAR,452,748,2019-06-13 01:28:39,2,0,Torey Krug hit Zach Sanford,-96.0,12.0,right
3630419,2018030417_150,2018030417,150,,,Stoppage,,,,2,REGULAR,463,737,2019-06-13 01:28:52,2,0,Icing,,,
3630420,2018030417_151,2018030417,151,19.0,6.0,Faceoff,,-69.0,-22.0,2,REGULAR,463,737,2019-06-13 01:28:57,2,0,Tyler Bozak faceoff won against David Krejci,-69.0,-22.0,left
3630421,2018030417_152,2018030417,152,19.0,6.0,Hit,,1.0,-35.0,2,REGULAR,477,723,2019-06-13 01:29:32,2,0,Sammy Blais hit John Moore,1.0,-35.0,left
3630422,2018030417_153,2018030417,153,19.0,6.0,Hit,,-88.0,-27.0,2,REGULAR,492,708,2019-06-13 01:29:47,2,0,Vince Dunn hit Karson Kuhlman,-88.0,-27.0,left
3630423,2018030417_154,2018030417,154,6.0,19.0,Hit,,95.0,-8.0,2,REGULAR,502,698,2019-06-13 01:29:57,2,0,Zdeno Chara hit Pat Maroon,-95.0,8.0,right
3630424,2018030417_155,2018030417,155,19.0,6.0,Giveaway,,94.0,-14.0,2,REGULAR,515,685,2019-06-13 01:30:04,2,0,Giveaway by Pat Maroon,94.0,-14.0,left
3630425,2018030417_156,2018030417,156,,,Stoppage,,,,2,REGULAR,537,663,2019-06-13 01:30:34,2,0,Icing,,,
3630426,2018030417_157,2018030417,157,6.0,19.0,Faceoff,,-69.0,-22.0,2,REGULAR,537,663,2019-06-13 01:30:39,2,0,Marcus Johansson faceoff won against Oskar Sundqvist,69.0,22.0,right
3630427,2018030417_158,2018030417,158,19.0,6.0,Hit,,-9.0,38.0,2,REGULAR,576,624,2019-06-13 01:31:47,2,0,Joel Edmundson hit Charlie Coyle,-9.0,38.0,left
3630428,2018030417_159,2018030417,159,19.0,6.0,Shot,Tip-In,80.0,0.0,2,REGULAR,606,594,2019-06-13 01:32:12,2,0,Brayden Schenn Tip-In saved by Tuukka Rask,80.0,0.0,left
3630429,2018030417_160,2018030417,160,19.0,6.0,Missed Shot,,52.0,35.0,2,REGULAR,610,590,2019-06-13 01:32:18,2,0,Vladimir Tarasenko - Wide of Net,52.0,35.0,left
3630430,2018030417_161,2018030417,161,6.0,19.0,Blocked Shot,,54.0,13.0,2,REGULAR,625,575,2019-06-13 01:32:36,2,0,Noel Acciari,-54.0,-13.0,right
3630431,2018030417_162,2018030417,162,6.0,19.0,Blocked Shot,,57.0,10.0,2,REGULAR,637,563,2019-06-13 01:32:48,2,0,Sean Kuraly,-57.0,-10.0,right
3630432,2018030417_163,2018030417,163,19.0,6.0,Shot,Wrist Shot,41.0,-22.0,2,REGULAR,649,551,2019-06-13 01:32:55,2,0,Zach Sanford Wrist Shot saved by Tuukka Rask,41.0,-22.0,left
3630433,2018030417_164,2018030417,164,6.0,19.0,Hit,,94.0,18.0,2,REGULAR,655,545,2019-06-13 01:33:07,2,0,Matt Grzelcyk hit Ryan O'Reilly,-94.0,-18.0,right
3630434,2018030417_165,2018030417,165,19.0,6.0,Missed Shot,,76.0,6.0,2,REGULAR,666,534,2019-06-13 01:33:12,2,0,Alexander Steen - Wide of Net,76.0,6.0,left
3630435,2018030417_166,2018030417,166,6.0,19.0,Hit,,66.0,35.0,2,REGULAR,668,532,2019-06-13 01:33:19,2,0,Brad Marchand hit Vladimir Tarasenko,-66.0,-35.0,right
3630436,2018030417_167,2018030417,167,6.0,19.0,Giveaway,,-55.0,36.0,2,REGULAR,683,517,2019-06-13 01:33:29,2,0,Giveaway by David Pastrnak,55.0,-36.0,right
3630437,2018030417_168,2018030417,168,19.0,6.0,Hit,,96.0,-16.0,2,REGULAR,693,507,2019-06-13 01:33:44,2,0,Oskar Sundqvist hit Brandon Carlo,96.0,-16.0,left
3630438,2018030417_169,2018030417,169,6.0,19.0,Shot,Snap Shot,-76.0,-25.0,2,REGULAR,752,448,2019-06-13 01:34:38,2,0,Jake DeBrusk Snap Shot saved by Jordan Binnington,76.0,25.0,right
3630439,2018030417_170,2018030417,170,6.0,19.0,Shot,Wrist Shot,3.0,29.0,2,REGULAR,782,418,2019-06-13 01:35:08,2,0,Matt Grzelcyk Wrist Shot saved by Jordan Binnington,-3.0,-29.0,right
3630440,2018030417_171,2018030417,171,6.0,19.0,Giveaway,,3.0,-7.0,2,REGULAR,802,398,2019-06-13 01:35:28,2,0,Giveaway by Danton Heinen,-3.0,7.0,right
3630441,2018030417_172,2018030417,172,6.0,19.0,Hit,,4.0,38.0,2,REGULAR,807,393,2019-06-13 01:35:39,2,0,Charlie Coyle hit Vince Dunn,-4.0,-38.0,right
3630442,2018030417_173,2018030417,173,6.0,19.0,Shot,Wrist Shot,82.0,35.0,2,REGULAR,818,382,2019-06-13 01:35:49,2,0,Brandon Carlo Wrist Shot saved by Jordan Binnington,-82.0,-35.0,right
3630443,2018030417_174,2018030417,174,19.0,6.0,Giveaway,,-8.0,31.0,2,REGULAR,826,374,2019-06-13 01:36:00,2,0,Giveaway by Jay Bouwmeester,-8.0,31.0,left
3630444,2018030417_175,2018030417,175,6.0,19.0,Shot,Wrist Shot,-52.0,27.0,2,REGULAR,829,371,2019-06-13 01:35:57,2,0,Brad Marchand Wrist Shot saved by Jordan Binnington,52.0,-27.0,right
3630445,2018030417_176,2018030417,176,,,Stoppage,,,,2,REGULAR,829,371,2019-06-13 01:36:05,2,0,Goalie Stopped,,,
3630446,2018030417_177,2018030417,177,19.0,6.0,Faceoff,,-69.0,22.0,2,REGULAR,829,371,2019-06-13 01:37:48,2,0,Ryan O'Reilly faceoff won against Patrice Bergeron,-69.0,22.0,left
3630447,2018030417_178,2018030417,178,,,Stoppage,,,,2,REGULAR,842,358,2019-06-13 01:38:36,2,0,Offside,,,
3630448,2018030417_179,2018030417,179,6.0,19.0,Faceoff,,-69.0,-22.0,2,REGULAR,842,358,2019-06-13 01:38:51,2,0,Charlie Coyle faceoff won against Oskar Sundqvist,69.0,22.0,right
3630449,2018030417_180,2018030417,180,19.0,6.0,Blocked Shot,,-66.0,8.0,2,REGULAR,847,353,2019-06-13 01:39:16,2,0,Ivan Barbashev,-66.0,8.0,left
3630450,2018030417_181,2018030417,181,6.0,19.0,Giveaway,,-35.0,30.0,2,REGULAR,851,349,2019-06-13 01:39:14,2,0,Giveaway by Brandon Carlo,35.0,-30.0,right
3630451,2018030417_182,2018030417,182,19.0,6.0,Shot,Wrist Shot,35.0,-26.0,2,REGULAR,855,345,2019-06-13 01:39:19,2,0,Colton Parayko Wrist Shot saved by Tuukka Rask,35.0,-26.0,left
3630452,2018030417_183,2018030417,183,,,Stoppage,,,,2,REGULAR,856,344,2019-06-13 01:39:27,2,0,Goalie Stopped,,,
3630453,2018030417_184,2018030417,184,6.0,19.0,Faceoff,,69.0,-22.0,2,REGULAR,856,344,2019-06-13 01:39:41,2,0,Sean Kuraly faceoff won against Brayden Schenn,-69.0,22.0,right
3630454,2018030417_185,2018030417,185,6.0,19.0,Hit,,-79.0,-36.0,2,REGULAR,874,326,2019-06-13 01:40:18,2,0,Joakim Nordstrom hit Alex Pietrangelo,79.0,36.0,right
3630455,2018030417_186,2018030417,186,6.0,19.0,Hit,,8.0,-38.0,2,REGULAR,885,315,2019-06-13 01:40:29,2,0,Noel Acciari hit Jaden Schwartz,-8.0,38.0,right
3630456,2018030417_187,2018030417,187,6.0,19.0,Giveaway,,-40.0,30.0,2,REGULAR,906,294,2019-06-13 01:40:45,2,0,Giveaway by Sean Kuraly,40.0,-30.0,right
3630457,2018030417_188,2018030417,188,,,Stoppage,,,,2,REGULAR,907,293,2019-06-13 01:41:05,2,0,Puck in Crowd,,,
3630458,2018030417_189,2018030417,189,6.0,19.0,Faceoff,,-20.0,22.0,2,REGULAR,907,293,2019-06-13 01:42:29,2,0,David Krejci faceoff won against Ryan O'Reilly,20.0,-22.0,right
3630459,2018030417_190,2018030417,190,6.0,19.0,Missed Shot,,-35.0,10.0,2,REGULAR,975,225,2019-06-13 01:44:24,2,0,Brandon Carlo - Wide of Net,35.0,-10.0,right
3630460,2018030417_191,2018030417,191,,,Stoppage,,,,2,REGULAR,975,225,2019-06-13 01:44:37,2,0,Goalie Stopped,,,
3630461,2018030417_192,2018030417,192,6.0,19.0,Faceoff,,-69.0,22.0,2,REGULAR,975,225,2019-06-13 01:44:45,2,0,Patrice Bergeron faceoff won against Brayden Schenn,69.0,-22.0,right
3630462,2018030417_193,2018030417,193,19.0,6.0,Hit,,-85.0,-32.0,2,REGULAR,994,206,2019-06-13 01:45:14,2,0,Alex Pietrangelo hit David Pastrnak,-85.0,-32.0,left
3630463,2018030417_194,2018030417,194,6.0,19.0,Shot,Wrist Shot,-34.0,22.0,2,REGULAR,996,204,2019-06-13 01:45:11,2,0,Patrice Bergeron Wrist Shot saved by Jordan Binnington,34.0,-22.0,right
3630464,2018030417_195,2018030417,195,6.0,19.0,Blocked Shot,,67.0,6.0,2,REGULAR,1004,196,2019-06-13 01:45:24,2,0,Brandon Carlo,-67.0,-6.0,right
3630465,2018030417_196,2018030417,196,19.0,6.0,Hit,,-15.0,-35.0,2,REGULAR,1022,178,2019-06-13 01:45:50,2,0,Tyler Bozak hit Matt Grzelcyk,-15.0,-35.0,left
3630466,2018030417_197,2018030417,197,6.0,19.0,Shot,Wrist Shot,-61.0,33.0,2,REGULAR,1051,149,2019-06-13 01:46:05,2,0,Charlie Coyle Wrist Shot saved by Jordan Binnington,61.0,-33.0,right
3630467,2018030417_198,2018030417,198,,,Stoppage,,,,2,REGULAR,1051,149,2019-06-13 01:46:14,2,0,Goalie Stopped,,,
3630468,2018030417_199,2018030417,199,19.0,6.0,Faceoff,,-69.0,22.0,2,REGULAR,1051,149,2019-06-13 01:46:39,2,0,Brayden Schenn faceoff won against David Krejci,-69.0,22.0,left
3630469,2018030417_200,2018030417,200,19.0,6.0,Blocked Shot,,-60.0,5.0,2,REGULAR,1082,118,2019-06-13 01:47:40,2,0,Colton Parayko,-60.0,5.0,left
3630470,2018030417_201,2018030417,201,19.0,6.0,Takeaway,,-54.0,36.0,2,REGULAR,1085,115,2019-06-13 01:47:38,2,0,Takeaway by Brayden Schenn,-54.0,36.0,left
3630471,2018030417_202,2018030417,202,6.0,19.0,Giveaway,,33.0,-20.0,2,REGULAR,1099,101,2019-06-13 01:47:52,2,0,Giveaway by Torey Krug,-33.0,20.0,right
3630472,2018030417_203,2018030417,203,6.0,19.0,Shot,Wrist Shot,-46.0,33.0,2,REGULAR,1105,95,2019-06-13 01:47:58,2,0,David Pastrnak Wrist Shot saved by Jordan Binnington,46.0,-33.0,right
3630473,2018030417_204,2018030417,204,19.0,6.0,Blocked Shot,,-60.0,5.0,2,REGULAR,1113,87,2019-06-13 01:48:15,2,0,Alex Pietrangelo,-60.0,5.0,left
3630474,2018030417_205,2018030417,205,19.0,6.0,Missed Shot,,46.0,24.0,2,REGULAR,1120,80,2019-06-13 01:48:13,2,0,Zach Sanford - Over Net,46.0,24.0,left
3630475,2018030417_206,2018030417,206,19.0,6.0,Hit,,95.0,-7.0,2,REGULAR,1155,45,2019-06-13 01:48:54,2,0,Ivan Barbashev hit Charlie McAvoy,95.0,-7.0,left
3630476,2018030417_207,2018030417,207,6.0,19.0,Shot,Wrist Shot,-54.0,13.0,2,REGULAR,1174,26,2019-06-13 01:49:07,2,0,Danton Heinen Wrist Shot saved by Jordan Binnington,54.0,-13.0,right
3630477,2018030417_208,2018030417,208,19.0,6.0,Blocked Shot,,-70.0,-8.0,2,REGULAR,1178,22,2019-06-13 01:49:17,2,0,Alex Pietrangelo,-70.0,-8.0,left
3630478,2018030417_209,2018030417,209,19.0,6.0,Hit,,-90.0,35.0,2,REGULAR,1194,6,2019-06-13 01:49:33,2,0,Oskar Sundqvist hit Danton Heinen,-90.0,35.0,left
3630479,2018030417_210,2018030417,210,19.0,6.0,Shot,Wrist Shot,-15.0,-6.0,2,REGULAR,1198,2,2019-06-13 01:49:33,2,0,Alex Pietrangelo Wrist Shot saved by Tuukka Rask,-15.0,-6.0,left
3630484,2018030417_215,2018030417,215,6.0,19.0,Faceoff,,0.0,0.0,3,REGULAR,0,1200,2019-06-13 02:07:56,2,0,Charlie Coyle faceoff won against Oskar Sundqvist,0.0,0.0,left
3630485,2018030417_216,2018030417,216,6.0,19.0,Shot,Slap Shot,38.0,-1.0,3,REGULAR,66,1134,2019-06-13 02:09:14,2,0,Torey Krug Slap Shot saved by Jordan Binnington,38.0,-1.0,left
3630486,2018030417_217,2018030417,217,,,Stoppage,,,,3,REGULAR,66,1134,2019-06-13 02:09:21,2,0,Goalie Stopped,,,
3630487,2018030417_218,2018030417,218,6.0,19.0,Faceoff,,69.0,22.0,3,REGULAR,66,1134,2019-06-13 02:09:36,2,0,Patrice Bergeron faceoff won against Ryan O'Reilly,69.0,22.0,left
3630488,2018030417_219,2018030417,219,19.0,6.0,Blocked Shot,,55.0,-13.0,3,REGULAR,80,1120,2019-06-13 02:10:05,2,0,Tyler Bozak,-55.0,13.0,right
3630489,2018030417_220,2018030417,220,6.0,19.0,Hit,,-75.0,-40.0,3,REGULAR,91,1109,2019-06-13 02:10:16,2,0,Torey Krug hit Ryan O'Reilly,-75.0,-40.0,left
3630490,2018030417_221,2018030417,221,19.0,6.0,Giveaway,,43.0,32.0,3,REGULAR,129,1071,2019-06-13 02:10:48,2,0,Giveaway by Pat Maroon,-43.0,-32.0,right
3630491,2018030417_222,2018030417,222,6.0,19.0,Missed Shot,,72.0,-4.0,3,REGULAR,140,1060,2019-06-13 02:10:59,2,0,Jake DeBrusk - Over Net,72.0,-4.0,left
3630492,2018030417_223,2018030417,223,19.0,6.0,Hit,,-95.0,14.0,3,REGULAR,166,1034,2019-06-13 02:11:30,2,0,Ivan Barbashev hit Matt Grzelcyk,95.0,-14.0,right
3630493,2018030417_224,2018030417,224,19.0,6.0,Takeaway,,48.0,25.0,3,REGULAR,181,1019,2019-06-13 02:11:40,2,0,Takeaway by Alexander Steen,-48.0,-25.0,right
3630494,2018030417_225,2018030417,225,19.0,6.0,Hit,,8.0,26.0,3,REGULAR,181,1019,2019-06-13 02:11:45,2,0,Ivan Barbashev hit Sean Kuraly,-8.0,-26.0,right
3630495,2018030417_226,2018030417,226,19.0,6.0,Shot,Wrist Shot,-55.0,-2.0,3,REGULAR,186,1014,2019-06-13 02:11:46,2,0,Oskar Sundqvist Wrist Shot saved by Tuukka Rask,55.0,2.0,right
3630496,2018030417_227,2018030417,227,19.0,6.0,Shot,Wrist Shot,-79.0,1.0,3,REGULAR,190,1010,2019-06-13 02:11:49,2,0,Oskar Sundqvist Wrist Shot saved by Tuukka Rask,79.0,-1.0,right
3630497,2018030417_228,2018030417,228,19.0,6.0,Shot,Wrist Shot,-84.0,-6.0,3,REGULAR,193,1007,2019-06-13 02:12:33,2,0,Ivan Barbashev Wrist Shot saved by Tuukka Rask,84.0,6.0,right
3630498,2018030417_229,2018030417,229,19.0,6.0,Takeaway,,-21.0,-33.0,3,REGULAR,206,994,2019-06-13 02:12:05,2,0,Takeaway by Ivan Barbashev,21.0,33.0,right
3630499,2018030417_230,2018030417,230,19.0,6.0,Shot,Wrist Shot,-82.0,-12.0,3,REGULAR,209,991,2019-06-13 02:12:08,2,0,Vladimir Tarasenko Wrist Shot saved by Tuukka Rask,82.0,12.0,right
3630500,2018030417_231,2018030417,231,19.0,6.0,Hit,,98.0,-2.0,3,REGULAR,219,981,2019-06-13 02:12:24,2,0,Carl Gunnarsson hit David Pastrnak,-98.0,2.0,right
3630501,2018030417_232,2018030417,232,19.0,6.0,Blocked Shot,,69.0,7.0,3,REGULAR,234,966,2019-06-13 02:12:39,2,0,Carl Gunnarsson,-69.0,-7.0,right
3630502,2018030417_233,2018030417,233,6.0,19.0,Hit,,-10.0,37.0,3,REGULAR,265,935,2019-06-13 02:13:05,2,0,Matt Grzelcyk hit David Perron,-10.0,37.0,left
3630503,2018030417_234,2018030417,234,6.0,19.0,Hit,,97.0,-7.0,3,REGULAR,279,921,2019-06-13 02:13:24,2,0,Charlie Coyle hit Vince Dunn,97.0,-7.0,left
3630504,2018030417_235,2018030417,235,19.0,6.0,Hit,,14.0,-25.0,3,REGULAR,305,895,2019-06-13 02:13:50,2,0,Ivan Barbashev hit Marcus Johansson,-14.0,25.0,right
3630505,2018030417_236,2018030417,236,6.0,19.0,Shot,Backhand,78.0,-4.0,3,REGULAR,308,892,2019-06-13 02:13:47,2,0,Sean Kuraly Backhand saved by Jordan Binnington,78.0,-4.0,left
3630506,2018030417_237,2018030417,237,6.0,19.0,Hit,,-96.0,6.0,3,REGULAR,327,873,2019-06-13 02:14:11,2,0,Torey Krug hit Pat Maroon,-96.0,6.0,left
3630507,2018030417_238,2018030417,238,19.0,6.0,Shot,Wrist Shot,-32.0,18.0,3,REGULAR,328,872,2019-06-13 02:15:00,2,0,Colton Parayko Wrist Shot saved by Tuukka Rask,32.0,-18.0,right
3630508,2018030417_239,2018030417,239,,,Stoppage,,,,3,REGULAR,343,857,2019-06-13 02:14:32,2,0,Puck Frozen,,,
3630509,2018030417_240,2018030417,240,6.0,19.0,Faceoff,,-69.0,-22.0,3,REGULAR,343,857,2019-06-13 02:14:43,2,0,Patrice Bergeron faceoff won against Brayden Schenn,-69.0,-22.0,left
3630510,2018030417_241,2018030417,241,6.0,19.0,Shot,Wrist Shot,80.0,19.0,3,REGULAR,360,840,2019-06-13 02:15:13,2,0,Brad Marchand Wrist Shot saved by Jordan Binnington,80.0,19.0,left
3630511,2018030417_242,2018030417,242,,,Stoppage,,,,3,REGULAR,365,835,2019-06-13 02:15:25,2,0,Icing,,,
3630512,2018030417_243,2018030417,243,6.0,19.0,Faceoff,,69.0,22.0,3,REGULAR,365,835,2019-06-13 02:15:36,2,0,Patrice Bergeron faceoff won against Brayden Schenn,69.0,22.0,left
3630513,2018030417_244,2018030417,244,19.0,6.0,Takeaway,,-7.0,-1.0,3,REGULAR,412,788,2019-06-13 02:16:38,2,0,Takeaway by Ryan O'Reilly,7.0,1.0,right
3630514,2018030417_245,2018030417,245,,,Stoppage,,,,3,REGULAR,443,757,2019-06-13 02:17:15,2,0,Icing,,,
3630515,2018030417_246,2018030417,246,19.0,6.0,Faceoff,,69.0,22.0,3,REGULAR,443,757,2019-06-13 02:17:16,2,0,Tyler Bozak faceoff won against Charlie Coyle,-69.0,-22.0,right
3630516,2018030417_247,2018030417,247,19.0,6.0,Giveaway,,87.0,30.0,3,REGULAR,450,750,2019-06-13 02:17:55,2,0,Giveaway by Vince Dunn,-87.0,-30.0,right
3630517,2018030417_248,2018030417,248,19.0,6.0,Blocked Shot,,71.0,-5.0,3,REGULAR,484,716,2019-06-13 02:18:34,2,0,Alexander Steen,-71.0,5.0,right
3630518,2018030417_249,2018030417,249,19.0,6.0,Hit,,69.0,-33.0,3,REGULAR,526,674,2019-06-13 02:19:17,2,0,Carl Gunnarsson hit Noel Acciari,-69.0,33.0,right
3630519,2018030417_250,2018030417,250,6.0,19.0,Shot,Wrist Shot,42.0,-27.0,3,REGULAR,534,666,2019-06-13 02:19:19,2,0,Noel Acciari Wrist Shot saved by Jordan Binnington,42.0,-27.0,left
3630520,2018030417_251,2018030417,251,6.0,19.0,Shot,Wrist Shot,77.0,8.0,3,REGULAR,537,663,2019-06-13 02:19:22,2,0,Joakim Nordstrom Wrist Shot saved by Jordan Binnington,77.0,8.0,left
3630521,2018030417_252,2018030417,252,6.0,19.0,Missed Shot,,34.0,3.0,3,REGULAR,579,621,2019-06-13 02:20:04,2,0,Charlie McAvoy - Wide of Net,34.0,3.0,left
3630522,2018030417_253,2018030417,253,19.0,6.0,Blocked Shot,,61.0,11.0,3,REGULAR,587,613,2019-06-13 02:20:17,2,0,Vince Dunn,-61.0,-11.0,right
3630523,2018030417_254,2018030417,254,19.0,6.0,Hit,,-95.0,-15.0,3,REGULAR,595,605,2019-06-13 02:20:25,2,0,Pat Maroon hit Charlie McAvoy,95.0,15.0,right
3630524,2018030417_255,2018030417,255,6.0,19.0,Hit,,-94.0,-9.0,3,REGULAR,637,563,2019-06-13 02:21:08,2,0,Matt Grzelcyk hit Ivan Barbashev,-94.0,-9.0,left
3630525,2018030417_256,2018030417,256,19.0,6.0,Blocked Shot,,67.0,6.0,3,REGULAR,677,523,2019-06-13 02:21:48,2,0,Jay Bouwmeester,-67.0,-6.0,right
3630526,2018030417_257,2018030417,257,19.0,6.0,Goal,Snap Shot,-67.0,3.0,3,REGULAR,685,515,2019-06-13 02:21:52,3,0,"Brayden Schenn (5) Snap Shot, assists: Vladimir Tarasenko (6), Jaden Schwartz (8)",67.0,-3.0,right
3630527,2018030417_258,2018030417,258,19.0,6.0,Faceoff,,0.0,0.0,3,REGULAR,685,515,2019-06-13 02:22:57,3,0,Ryan O'Reilly faceoff won against David Krejci,0.0,0.0,right
3630528,2018030417_259,2018030417,259,,,Stoppage,,,,3,REGULAR,731,469,2019-06-13 02:23:32,3,0,Icing,,,
3630529,2018030417_260,2018030417,260,19.0,6.0,Faceoff,,69.0,-22.0,3,REGULAR,731,469,2019-06-13 02:23:43,3,0,Ivan Barbashev faceoff won against Brad Marchand,-69.0,22.0,right
3630530,2018030417_261,2018030417,261,6.0,19.0,Shot,Wrist Shot,74.0,-10.0,3,REGULAR,732,468,2019-06-13 02:23:33,3,0,David Pastrnak Wrist Shot saved by Jordan Binnington,74.0,-10.0,left
3630531,2018030417_262,2018030417,262,6.0,19.0,Missed Shot,,46.0,-23.0,3,REGULAR,746,454,2019-06-13 02:24:24,3,0,Patrice Bergeron - Wide of Net,46.0,-23.0,left
3630532,2018030417_263,2018030417,263,,,Stoppage,,,,3,REGULAR,757,443,2019-06-13 02:24:40,3,0,Icing,,,
3630533,2018030417_264,2018030417,264,6.0,19.0,Faceoff,,69.0,22.0,3,REGULAR,757,443,2019-06-13 02:24:43,3,0,Charlie Coyle faceoff won against Oskar Sundqvist,69.0,22.0,left
3630534,2018030417_265,2018030417,265,6.0,19.0,Shot,Snap Shot,60.0,23.0,3,REGULAR,761,439,2019-06-13 02:25:06,3,0,Danton Heinen Snap Shot saved by Jordan Binnington,60.0,23.0,left
3630535,2018030417_266,2018030417,266,,,Stoppage,,,,3,REGULAR,761,439,2019-06-13 02:25:14,3,0,Goalie Stopped,,,
3630536,2018030417_267,2018030417,267,6.0,19.0,Faceoff,,69.0,22.0,3,REGULAR,761,439,2019-06-13 02:26:49,3,0,David Krejci faceoff won against Tyler Bozak,69.0,22.0,left
3630537,2018030417_268,2018030417,268,6.0,19.0,Missed Shot,,57.0,11.0,3,REGULAR,767,433,2019-06-13 02:27:49,3,0,Jake DeBrusk - Wide of Net,57.0,11.0,left
3630538,2018030417_269,2018030417,269,19.0,6.0,Hit,,96.0,6.0,3,REGULAR,770,430,2019-06-13 02:27:58,3,0,Tyler Bozak hit Jake DeBrusk,-96.0,-6.0,right
3630539,2018030417_270,2018030417,270,6.0,19.0,Shot,Slap Shot,39.0,22.0,3,REGULAR,790,410,2019-06-13 02:28:13,3,0,Torey Krug Slap Shot saved by Jordan Binnington,39.0,22.0,left
3630540,2018030417_271,2018030417,271,,,Stoppage,,,,3,REGULAR,790,410,2019-06-13 02:28:21,3,0,Goalie Stopped,,,
3630541,2018030417_272,2018030417,272,19.0,6.0,Faceoff,,69.0,22.0,3,REGULAR,790,410,2019-06-13 02:28:32,3,0,Oskar Sundqvist faceoff won against Patrice Bergeron,-69.0,-22.0,right
3630542,2018030417_273,2018030417,273,6.0,19.0,Hit,,66.0,36.0,3,REGULAR,796,404,2019-06-13 02:29:05,3,0,Patrice Bergeron hit Alexander Steen,66.0,36.0,left
3630543,2018030417_274,2018030417,274,19.0,6.0,Hit,,73.0,37.0,3,REGULAR,878,322,2019-06-13 02:30:27,3,0,Brayden Schenn hit Marcus Johansson,-73.0,-37.0,right
3630544,2018030417_275,2018030417,275,19.0,6.0,Shot,Wrist Shot,-46.0,19.0,3,REGULAR,885,315,2019-06-13 02:30:29,3,0,Brayden Schenn Wrist Shot saved by Tuukka Rask,46.0,-19.0,right
3630545,2018030417_276,2018030417,276,6.0,19.0,Giveaway,,-57.0,34.0,3,REGULAR,891,309,2019-06-13 02:30:35,3,0,Giveaway by Torey Krug,-57.0,34.0,left
3630546,2018030417_277,2018030417,277,19.0,6.0,Goal,Snap Shot,-77.0,7.0,3,REGULAR,922,278,2019-06-13 02:31:08,4,0,"Zach Sanford (1) Snap Shot, assists: David Perron (9), Ryan O'Reilly (15)",77.0,-7.0,right
3630547,2018030417_278,2018030417,278,19.0,6.0,Faceoff,,0.0,0.0,3,REGULAR,922,278,2019-06-13 02:31:59,4,0,Oskar Sundqvist faceoff won against Sean Kuraly,0.0,0.0,right
3630548,2018030417_279,2018030417,279,19.0,6.0,Hit,,-68.0,-29.0,3,REGULAR,939,261,2019-06-13 02:32:25,4,0,Ivan Barbashev hit Sean Kuraly,68.0,29.0,right
3630549,2018030417_280,2018030417,280,19.0,6.0,Shot,Snap Shot,-69.0,7.0,3,REGULAR,951,249,2019-06-13 02:32:35,4,0,Alexander Steen Snap Shot saved by Tuukka Rask,69.0,-7.0,right
3630550,2018030417_281,2018030417,281,19.0,6.0,Shot,Snap Shot,-65.0,-4.0,3,REGULAR,955,245,2019-06-13 02:32:39,4,0,Ryan O'Reilly Snap Shot saved by Tuukka Rask,65.0,4.0,right
3630551,2018030417_282,2018030417,282,,,Stoppage,,,,3,REGULAR,955,245,2019-06-13 02:32:47,4,0,Goalie Stopped,,,
3630552,2018030417_283,2018030417,283,6.0,19.0,Faceoff,,-69.0,-22.0,3,REGULAR,955,245,2019-06-13 02:34:48,4,0,Patrice Bergeron faceoff won against Brayden Schenn,-69.0,-22.0,left
3630553,2018030417_284,2018030417,284,,,Stoppage,,,,3,REGULAR,1010,190,2019-06-13 02:36:00,4,0,Goalie Stopped,,,
3630554,2018030417_285,2018030417,285,6.0,19.0,Shot,Wrist Shot,42.0,3.0,3,REGULAR,1010,190,2019-06-13 02:36:01,4,0,Marcus Johansson Wrist Shot saved by Jordan Binnington,42.0,3.0,left
3630555,2018030417_286,2018030417,286,,,Stoppage,,,,3,REGULAR,1010,190,2019-06-13 02:36:09,4,0,Goalie Stopped,,,
3630556,2018030417_287,2018030417,287,19.0,6.0,Faceoff,,69.0,-22.0,3,REGULAR,1010,190,2019-06-13 02:36:09,4,0,Ryan O'Reilly faceoff won against Charlie Coyle,-69.0,22.0,right
3630557,2018030417_288,2018030417,288,6.0,19.0,Missed Shot,,57.0,-13.0,3,REGULAR,1025,175,2019-06-13 02:36:34,4,0,Charlie Coyle - Wide of Net,57.0,-13.0,left
3630558,2018030417_289,2018030417,289,19.0,6.0,Giveaway,,45.0,-6.0,3,REGULAR,1066,134,2019-06-13 02:38:11,4,0,Giveaway by Oskar Sundqvist,-45.0,6.0,right
3630559,2018030417_290,2018030417,290,6.0,19.0,Goal,Wrist Shot,44.0,24.0,3,REGULAR,1070,130,2019-06-13 02:37:20,4,1,"Matt Grzelcyk (4) Wrist Shot, assists: David Krejci (12)",44.0,24.0,left
3630560,2018030417_291,2018030417,291,19.0,6.0,Faceoff,,0.0,0.0,3,REGULAR,1070,130,2019-06-13 02:37:51,4,1,Tyler Bozak faceoff won against Patrice Bergeron,0.0,0.0,right
3630561,2018030417_292,2018030417,292,19.0,6.0,Blocked Shot,,73.0,13.0,3,REGULAR,1111,89,2019-06-13 02:38:52,4,1,Colton Parayko,-73.0,-13.0,right
3630562,2018030417_293,2018030417,293,,,Stoppage,,,,3,REGULAR,1126,74,2019-06-13 02:39:08,4,1,Icing,,,
3630563,2018030417_294,2018030417,294,19.0,6.0,Faceoff,,69.0,-22.0,3,REGULAR,1126,74,2019-06-13 02:39:16,4,1,Ryan O'Reilly faceoff won against Charlie Coyle,-69.0,22.0,right
3630564,2018030417_295,2018030417,295,,,Stoppage,,,,3,REGULAR,1147,53,2019-06-13 02:39:57,4,1,Offside,,,
3630565,2018030417_296,2018030417,296,6.0,19.0,Faceoff,,20.0,22.0,3,REGULAR,1147,53,2019-06-13 02:39:57,4,1,David Krejci faceoff won against Brayden Schenn,20.0,22.0,left
3630566,2018030417_297,2018030417,297,6.0,19.0,Hit,,48.0,38.0,3,REGULAR,1165,35,2019-06-13 02:40:33,4,1,Torey Krug hit Alexander Steen,48.0,38.0,left
3630567,2018030417_298,2018030417,298,6.0,19.0,Missed Shot,,52.0,-27.0,3,REGULAR,1167,33,2019-06-13 02:40:30,4,1,Danton Heinen - Wide of Net,52.0,-27.0,left
